reference_term,status,nearest_envo_label_1,nearest_envo_label_2,nearest_envo_label_3
2 d passive l band microwave interferometer,missing_in_envo,,,
3 d plasma and energetic particle investigation wind,missing_in_envo,,,
absorbed solar radiation,missing_in_envo,infrared stellar radiation,stellar radiation,radio wave stellar radiation
acoustic gravity wave,missing_in_envo,acoustic radiation,conductivity of water,dacitic lava
active microwave instrument,missing_in_envo,medical instrument,attractive environment,cultivated environment
advanced composition explorer space radiation laboratory california institute of technology,missing_in_envo,,,
advanced microwave moisture sounder,missing_in_envo,microwave stellar radiation,,
advanced microwave precipitation radiometer,missing_in_envo,chemical precipitation process,hydrological precipitation process,agricultural specialisation process
advanced microwave radiometer,missing_in_envo,microwave radiation,net shortwave radiation,microwave stellar radiation
advanced microwave radiometer 2,missing_in_envo,microwave radiation,net shortwave radiation,microwave stellar radiation
advanced microwave radiometer c,missing_in_envo,microwave radiation,net shortwave radiation,microwave stellar radiation
advanced microwave scanning radiometer,missing_in_envo,microwave stellar radiation,,
advanced microwave scanning radiometer earth observing system science investigator led processing system,missing_in_envo,,,
advanced microwave scanning radiometer eos,missing_in_envo,microwave stellar radiation,,
advanced microwave scanning radiometer sea ice product validation,missing_in_envo,,,
advanced microwave sounding unit a,missing_in_envo,concrete masonry unit,breast screening unit facility,
advanced microwave sounding unit b,missing_in_envo,concrete masonry unit,,
advanced technology microwave sounder,missing_in_envo,closed ecological system,,
ae index,missing_in_envo,lake inlet,lake island,water intake
aerosol radiation and cloud processes affecting arctic climate,missing_in_envo,,,
ageostrophic wind,missing_in_envo,atmospheric wind,eutrophic pond,geographic basin
airborne imaging microwave radiometer,missing_in_envo,obsolete mangrove biome,satellite imaging of a planet,microwave radiation
airborne microwave observatory of subcanopy and subsurface,missing_in_envo,,,
airborne multichannel microwave radiometer,missing_in_envo,waterborne particulate matter,marine subtidal rocky reef biome,neritic sea surface microlayer biome
alfven wave,missing_in_envo,live cave,saline water,cave wall
alfven waves,missing_in_envo,live cave,open eaves,eaves
along track scanning radiometer and microwave sounder,missing_in_envo,,,
alpha particle flux,missing_in_envo,particle of silt,particle of clay,nanoplastic particle
alpha radiation,missing_in_envo,radiation,x ray radiation,particle radiation
ambient air quality monitoring program air quality planning and standards office of air and radiation u s environmental protection agency,missing_in_envo,,,
ambient solar wind,missing_in_envo,stellar wind,monsoon wind,glacier wind
anabatic winds,missing_in_envo,anabatic wind,katabatic wind,downslope katabatic wind
antarctic arctic radiation belt dynamic deposition vlf atmospheric research konsortium,missing_in_envo,,,
antarctic meteorology dynamics turbulence and radiation,missing_in_envo,,,
ap index,missing_in_envo,alpine,subalpine,paper dye
arctic radiation ice bridge sea ice experiment,missing_in_envo,,,
arctic radiation measurement in column atmosphere surface,missing_in_envo,,,
atmosphere space interactions monitor on the iss,missing_in_envo,atmosphere ocean momentum transfer process,atmospheric aerosolisation of dust,concentration of nitrogen atom in soil
atmospheric chemistry and dynamics branch laboratory for atmospheres earth sciences division science and exploration directorate goddard space flight center nasa,missing_in_envo,,,
atmospheric emitted radiation,missing_in_envo,atmospheric wind direction,atmospheric aerosol formation,particle beam radiation
atmospheric imaging assembly on solar dynamics observatory,missing_in_envo,,,
atmospheric radiation,missing_in_envo,atmospheric wind direction,atmospheric lightning,atmospheric zone
atmospheric radiation measurement project,missing_in_envo,atmospheric aerosolisation of dust,atmospheric observatory system,atmospheric aerosolised particle formation event
atmospheric radiation measurement project u s department of energy,missing_in_envo,,,
atmospheric winds,missing_in_envo,atmospheric wind,atmospheric wind speed,atmospheric wind intensity
aurora,missing_in_envo,airport,road,carr
aurora forecasts,missing_in_envo,subtropical forest,tropical forest,broadleaf forest
auroral activity,missing_in_envo,laboratory facility,educational facility,urology unit facility
auroral boundary,missing_in_envo,transform plate boundary,astronomical body,natural harbor
auroral oval,missing_in_envo,natural wax,natural gas,arable soil
auroral photometer snoe,missing_in_envo,photometeor,rural stormwater,neutral hot spring
auroral precipitation,missing_in_envo,volume of hydrological precipitation,hydrological precipitation process,chemical precipitation process
auroral region,missing_in_envo,terrestrial ecoregion,ecoregion,marine coral reef biome
auroral substorm,missing_in_envo,tropical storm,rural stormwater,natural harbor
aventech aimms 30 airborne wind sensor,missing_in_envo,,,
background radiation,missing_in_envo,ultrasound radiation,acoustic radiation,infrared radiation
beta radiation,missing_in_envo,radiation,stellar radiation,x ray radiation
body wave,missing_in_envo,boundary wall,pond water,food waste
bora winds,missing_in_envo,fall wind,rapids,drainage wind
boundary layer winds,missing_in_envo,boundary layer,atmospheric boundary layer,boundary wall
bow shock,missing_in_envo,foreshock,cow shed,blowhole
bow shock crossing,missing_in_envo,obsolete salad dressing,shower curtain,rock intrusion
canyon wind,missing_in_envo,canyon,monsoon wind,foehn wind
chergui wind,missing_in_envo,glacier wind,atmospheric wind,stellar wind
chinook wind,missing_in_envo,monsoon wind,foehn wind,glacier wind
chromosphere,missing_in_envo,thermosphere,cryosphere,troposphere
climate and radiation branch laboratory for atmospheres earth sciences division science and exploration directorate goddard space flight center nasa,missing_in_envo,,,
climate hazards group infrared precipitation with stations,missing_in_envo,,,
cloud aerosol water radiation interactions icare thematic center,missing_in_envo,,,
cme,missing_in_envo,ice,icemelt,climate
coastal wave program,missing_in_envo,coastal water body,coastal sea water,coastal upwelling front
coherent electromagnetic radiation,missing_in_envo,electromagnetic radiation,acoustic radiation,visible spectrum radiation
cold wave,missing_in_envo,cloud water,cold seep,closed eaves
colorado school of mines center for wave phenomena colorado,missing_in_envo,,,
combined release and radiation effects satellite,missing_in_envo,,,
conical scanning millimeter wave imaging radiometer,missing_in_envo,,,
conical scanning sub mm wave imaging radiometer,missing_in_envo,,,
convective processes experiment aerosols winds,missing_in_envo,obsolete processed meat product,,
corona,missing_in_envo,scoria,ecoregion,cold front
corona holes,missing_in_envo,iron ore,borehole,cryoconite hole
coronal hole,missing_in_envo,coral reef,iron ore,environmental role
coronal loop,missing_in_envo,coastal flood,continental slope,coastal flooding
coronal mass ejection,missing_in_envo,colloidal suspension,oronasal secretion material,tropical marine condition
coronal mass ejections,missing_in_envo,oronasal secretion material,colloidal suspension,tropical marine condition
coronal rain,missing_in_envo,coal mine,terminal moraine,control panel
cosmic radiation,missing_in_envo,acoustic radiation,microwave radiation,irradiation
cosmic ray,missing_in_envo,cosmetic product,cryospheric layer,acoustic radiation
cosmic rays,missing_in_envo,cosmetic product,cryospheric layer,acoustic radiation
cross track infrared and advanced technology microwave sounders,missing_in_envo,,,
crustal dynamics data information system geodesy and geophysics laboratory earth sciences division sciences and exploration directorate goddard space flight center nasa,missing_in_envo,,,
current wind meters,missing_in_envo,currency note,marine wind mixed layer,turpentine
desert wind,missing_in_envo,desert island,desert sand,desert
differential particle flux,missing_in_envo,terrestrial ice calf,microplastic particle,diatomite particle
diffuse aurora,missing_in_envo,desert area,bush area,effusive eruption
digital wave processing experiment,missing_in_envo,natural gas processing plant,meat processing plant,nitrate reducing sediment
discrete aurora,missing_in_envo,concrete road,forested area,restaurant
downslope wind,missing_in_envo,downslope katabatic wind,monsoon wind,atmospheric wind
downslope wind storm,missing_in_envo,wind storm,downslope katabatic wind,atmospheric storm
downwelling longwave radiation,missing_in_envo,outgoing longwave radiation,radio wave radiation,ionizing stellar radiation
downwelling shortwave radiation,missing_in_envo,net shortwave radiation,shortwave radiation,outgoing longwave radiation
earth clouds aerosol and radiation explorer,missing_in_envo,secondary atmospheric aerosol formation event,formation of a liquid aerosol in an atmosphere,formation of a solid aerosol in an atmosphere
earth radiation budget,missing_in_envo,stellar radiation,stellar radiation energy,particle radiation
earth radiation budget experiment,missing_in_envo,stellar radiation energy,fragmentation due to weathering,radioactive sediment
earth radiation budget experiment erbe making earth science data records for use in research environments m ea sur es,missing_in_envo,,,
earth radiation budget experiment wide field of view nonscanner,missing_in_envo,,,
earth radiation budget satellite,missing_in_envo,artificial satellite,stellar radiation energy,stellar radiation
earth radiation measurement,missing_in_envo,stellar radiation energy,stellar radiation,particle radiation
easterly wave,missing_in_envo,sterile water,waste water,water well
effects of uv radiation on antarctic bacteria,missing_in_envo,fossilization of organic material,concentration of lanthanum in water ice,temperature of environmental material
eit wave,missing_in_envo,ditch water,sea cave,ice cave
electric field and wave experiment,missing_in_envo,electromagnetic wave energy,obsolete fermented agave beverage,mechanical wave energy
electrically scanning microwave radiometer,missing_in_envo,chemically enriched sediment,chemically contaminated sediment,neritic sea surface microlayer biome
electromagnetic spectrum,missing_in_envo,electromagnetic wave energy,electromagnetic radiation,magnetic energy
electromagnetic wave,missing_in_envo,electromagnetic wave energy,electromagnetic radiation,volcanic cave
electron flux,missing_in_envo,electric lamp,petroleum,tectonic lake
electrostatic wave,missing_in_envo,electromagnetic wave energy,electrostatic discharge process,electric lamp
energetic charged particles,missing_in_envo,electrostatic discharge process,megaplastic particle,groundwater discharge process
energetic particles acceleration composition and transport wind,missing_in_envo,,,
energetic solar particle event,missing_in_envo,aerosolised particle formation event,atmospheric aerosolised particle formation event,megaplastic particle
equatorial pacific meridional wind anomaly index,missing_in_envo,,,
equatorial pacific zonal wind anomaly index,missing_in_envo,oceanic hadal pelagic zone biome,,
ers wind scatterometer,missing_in_envo,wind storm,nest of termite,skin environment
estimated kp,missing_in_envo,sea state,nesting material,desalinated water
eulerian wind,missing_in_envo,stellar wind,glacier wind,foehn wind
extreme ultraviolet,missing_in_envo,extreme high temperature environment,ultraviolet radiation,digestive tract environment
extreme ultraviolet variability experiment on solar dynamics observatory,missing_in_envo,,,
f corona,missing_in_envo,tuff cone,ecoregion,scoria
fai fast auroral imager images the auroral emission in the near infrared nir and visible vis spectral range,missing_in_envo,,,
fast auroral snapshot explorer,missing_in_envo,fast neutron reactor,natural based polymer,
flare,missing_in_envo,flame,latrine,lake
flare genesis experiment,missing_in_envo,polar environment,marine environment,healthcare environment
flare stars,missing_in_envo,forestry,marine streamer,latrine slab
flares research at the maximum of solar cycle 22,missing_in_envo,,,
flexible microwave payload version2,missing_in_envo,microwave radiation,obsolete creamy salad dressing,microwave stellar radiation
flight level winds,missing_in_envo,straight line wind,fall wind,jet effect wind
foehn wave,missing_in_envo,open eaves,foehn wind,fresh water
foehn winds,missing_in_envo,foehn wind,frozen land,monsoon wind
fog wind,missing_in_envo,foehn wind,fall wind,monsoon wind
fraction of absorbed photosynthetically active radiation fapar,missing_in_envo,irradiation by photosynthetically active radiation,,
frontal wave,missing_in_envo,frost heave,erosional cave,talus cave
galaxy winds,missing_in_envo,glacier wind,galaxy,fall wind
gamma radiation,missing_in_envo,gamma ray radiation,radiation,x ray radiation
gamma radiation detector,missing_in_envo,gamma ray radiation,stellar radiation energy,gravitational energy
gamma ray,missing_in_envo,gamma ray radiation,animal trap,galaxy
gamma ray burst detector,missing_in_envo,gamma ray stellar radiation,gamma ray radiation,membrane bioreactor
gamma ray bursters,missing_in_envo,gamma ray radiation,gamma ray stellar radiation,macroburst
gamma ray bursts,missing_in_envo,gamma ray radiation,macroburst,gamma ray stellar radiation
gamma ray flux,missing_in_envo,gamma ray radiation,animal carcass fall,gamma ray stellar radiation
geomagnetic activity,missing_in_envo,electromagnetic radiation,electromagnetic wave energy,haematology unit facility
geomagnetic field,missing_in_envo,volcanic field,sea ice field,maize field
geomagnetic forecasts,missing_in_envo,montane forest,temperate forest,syngenetic karst
geomagnetic indices,missing_in_envo,magnetic energy,electromagnetic radiation,electromagnetic wave energy
geomagnetic kp index,missing_in_envo,magnetic energy,electromagnetic wave energy,electromagnetic radiation
geomagnetic storm,missing_in_envo,marine benthic storm,magnetic energy,electromagnetic radiation
geomagnetic storm category,missing_in_envo,electromagnetic radiation,magnetic energy,domestic solar panel array
geomagnetic storm space weather storm in the earths magnetopshere,missing_in_envo,,,
geostationary earth radiation budget,missing_in_envo,ultraviolet radiation,infrared radiation,gamma ray radiation
global oscillation network group national solar observatory,missing_in_envo,,,
global precipitation measurement microwave imager,missing_in_envo,hydrological precipitation process,,
goes proton event catalog,missing_in_envo,gaseous environmental material,environmental material,obsolete cantaloupe
goes soft xray flare event catalog,missing_in_envo,usage of an environment for recreation,obsolete naturally occuring environmental material,
goes wind index,missing_in_envo,processing line,foehn wind,ground moraine
gorge wind,missing_in_envo,foehn wind,drainage wind,glacier wind
grace fo microwave instrument,missing_in_envo,medical instrument,face skin environment,attractive environment
gravitational waves,missing_in_envo,gravitational energy,gravitational motion,inflationary cave
gravity wave,missing_in_envo,granite,primary cave,amenity lake
gravity waves,missing_in_envo,granite,primary cave,amenity lake
gregau wind,missing_in_envo,glacier wind,fall wind,drainage wind
halo cme,missing_in_envo,halo,hair ice,shale
halo cme flare magnetic storm catalog,missing_in_envo,,,
hard x ray burst spectrometer,missing_in_envo,,,
hard xrays,missing_in_envo,hoar crystal,red clay,pharmacy
hawking radiation,missing_in_envo,ionizing radiation,irradiation,radiation
head wind,missing_in_envo,stellar wind,fall wind,lead paint
heat cold wave frequency intensity,missing_in_envo,area of developed space with medium usage intensity,atmospheric wind intensity,healthcare facility
heat wave,missing_in_envo,sea cave,sea water,headwater
helioseismic and magnetic imager on solar dynamics observatory,missing_in_envo,,,
heliosphere,missing_in_envo,rhizosphere,lithosphere,exosphere
helmholtz wave,missing_in_envo,bore hole water,meltwater,ballast water
hessi flare,missing_in_envo,hypersaline lake,silage,helium planet
hiaper airborne radiation package,missing_in_envo,far infrared radiation,near infrared radiation,water ice sublimation process
high altitude imaging wind and rain airborne profiler,missing_in_envo,,,
high resolution infrared radiation sounder,missing_in_envo,stellar radiation energy,duration of stellar radiation,infrared stellar radiation
high resolution infrared radiation sounder 2,missing_in_envo,duration of stellar radiation,infrared stellar radiation,outgoing longwave radiation
high resolution infrared radiation sounder 3,missing_in_envo,duration of stellar radiation,infrared stellar radiation,outgoing longwave radiation
high resolution infrared radiation sounder 4,missing_in_envo,duration of stellar radiation,infrared stellar radiation,outgoing longwave radiation
high speed solar wind stream,missing_in_envo,speed of soil water infiltration,highland subtropical,grassland area
homologous flares,missing_in_envo,cloud forest,mollusc farming process,zoological garden
horizontal wind shear,missing_in_envo,inland sea,marine wind mixed layer,continental rise
horizontal wind velocity speed,missing_in_envo,atmospheric wind speed,hospital unit facility,
hot wind,missing_in_envo,hot spring,foehn wind,tote bin
hyder flare,missing_in_envo,hydrocarbon flame,shear fracture,desert area
hydrodynamic wave,missing_in_envo,hydrodynamic escape,chromodynamic energy,hypoxic water
ibe wind,missing_in_envo,glacier wind,foehn wind,drainage wind
image processing division national institute for space research brazil,missing_in_envo,,,
imager for magnetopause to aurora global exploration,missing_in_envo,,,
imp8solar wind crossing time catalog,missing_in_envo,polar tundra ecosystem,,
indoor environments division office of air and radiation u s environmental protection agency,missing_in_envo,,,
inertia wave,missing_in_envo,interstitial water,intertidal zone,intermediate lava
infrared flux,missing_in_envo,brake fluid,infrared radiation,interfluve
infrared imagery,missing_in_envo,infrared radiation,manufactured cage,mid infrared radiation
infrared radiance,missing_in_envo,infrared radiation,mid infrared radiation,far infrared radiation
infrared wavelengths,missing_in_envo,wind wave energy,infrared radiation,constructed pavement
inner radiation belt,missing_in_envo,irradiation,infrared radiation,stellar radiation
integral particle flux,missing_in_envo,megaplastic particle,diatomite particle,natural plastic
interactions clouds aerosols radiations etc,missing_in_envo,formation of a liquid aerosol in an atmosphere,duration of stellar radiation,formation of a solid aerosol in an atmosphere
intercomparison of radiation codes in climate models,missing_in_envo,concentration of carbon dioxide in an atmosphere,concentration of bromine in water ice,concentration of peridinin in liquid water
internal gravity wave,missing_in_envo,terminal moraine,inflationary cave,interstitial water
interplanetary magnetic field,missing_in_envo,planetary mantle,inner planetary core,planetary photic zone
interplanetary medium,missing_in_envo,inner planetary core,outer planetary core,protoplanetary disk
interplanetary shock,missing_in_envo,inner planetary core,outer planetary core,protoplanetary disk
interstellar radiation field,missing_in_envo,stellar radiation,infrared stellar radiation,stellar radiation energy
ionosphere magnetosphere dynamics,missing_in_envo,induced magnetosphere,intrinsic magnetosphere,biosphere reserve
istp solar wind catalog,missing_in_envo,stellar wind,moist soil albedo,mass of solid material
jason 1 microwave radiometer,missing_in_envo,microwave radiation,shortwave radiation,microwave stellar radiation
joint north sea wave project,missing_in_envo,obsolete vetch seed product,obsolete sea water fish product,net shortwave radiation
jpl surface acoustic wave hygrometer,missing_in_envo,surface convergence,frontal surface of a weather front,soil surface layer
k corona,missing_in_envo,ecoregion,scoria,lake coast
katabatic winds,missing_in_envo,katabatic wind,anabatic wind,downslope katabatic wind
kelvin helmholtz wave,missing_in_envo,alkaline water,bore hole water,
kelvin wave,missing_in_envo,alkaline water,saline water,cooling water
kloof wind,missing_in_envo,monsoon wind,fall wind,foehn wind
knik wind,missing_in_envo,anabatic wind,foehn wind,katabatic wind
kp index,missing_in_envo,alpine,lake inlet,pit latrine
krakatoa wind,missing_in_envo,katabatic wind,drainage wind,anabatic wind
kso halpha flare catalog,missing_in_envo,obsolete cantaloupe,synovial fluid material,
lee wave,missing_in_envo,live cave,lake water,limestone cave
length of the solar cycle,missing_in_envo,depth of water ice,depth of water,cooling of a solid
leosphere wind cube,missing_in_envo,atmospheric wind speed,atmospheric wind,atmospheric wind intensity
light amplification by stimulated emission of radiation,missing_in_envo,irradiation by non ionizing radiation,irradiation by photosynthetically active radiation,
limb flare,missing_in_envo,lime plaster,helium planet,climate
limb of the sun,missing_in_envo,grain of sea sand,grain of beach sand,volume of runoff
line of sight winds,missing_in_envo,grain of desert sand,calving of ice onto land,grain of sea sand
local wind,missing_in_envo,fall wind,squall wind,stellar wind
local winds,missing_in_envo,fall wind,squall wind,stellar wind
long crested wave,missing_in_envo,forested area,closed eaves,limestone cave
long shore wind,missing_in_envo,monsoon wind,shoreline,atmospheric wind
longitudinal wave,missing_in_envo,erosional cave,natural wax,interstitial water
longwave radiation,missing_in_envo,shortwave radiation,microwave radiation,outgoing longwave radiation
love wave,missing_in_envo,live cave,closed eaves,open eaves
magnetic cloud,missing_in_envo,homogenitus cloud,silvagenitus cloud,magnetic energy
magnetic dipole,missing_in_envo,magnetic energy,marine benthic biome,synthetic polymer
magnetic field,missing_in_envo,maize field,volcanic field,ice field
magnetic field area,missing_in_envo,magnetic energy,amniotic fluid material,volcanic field
magnetic field investigation wind,missing_in_envo,magnetic energy,ocean time series station,electromagnetic radiation
magnetic field lines,missing_in_envo,magnetic energy,marine nutricline,domestic building
magnetic field lines magnetic lines of force,missing_in_envo,neritic epipelagic zone biome,neritic pelagic zone biome,
magnetic field phenomena,missing_in_envo,magnetic energy,electromagnetic wave energy,marine benthic biome
magnetic fields magnetic currents,missing_in_envo,magnetic energy,along front current,cold surface current
magnetic flux,missing_in_envo,magnetic energy,marine tidal flow,formation fluid
magnetic intensity,missing_in_envo,magnetic energy,atmospheric wind intensity,medical instrument
magnetic reconnection,missing_in_envo,magnetic energy,human construction,electromagnetic radiation
magnetic storm,missing_in_envo,marine benthic storm,magnetic energy,convective storm
magnetic storms,missing_in_envo,marine benthic storm,magnetic energy,convective storm
magnetic substorm,missing_in_envo,marine benthic storm,magnetic energy,convective storm
magnetopause,missing_in_envo,magnetosphere,human house,warehouse
magnetopause crossing,missing_in_envo,magnetosphere,planetary erosion,igneous intrusion
magnetopause current sheet,missing_in_envo,marine current,marine surface current,magnetosphere
magnetotail,missing_in_envo,mine tailing,meteotsunami,marine biota
majola wind,missing_in_envo,fall wind,squall wind,stellar wind
maloja wind,missing_in_envo,fall wind,squall wind,monsoon wind
matanuska wind,missing_in_envo,mountain gap wind,katabatic wind,monsoon wind
maximum 1 minute sustained wind,missing_in_envo,mountain gap wind,,
maximum surface wind,missing_in_envo,seam surface,marine surface current,warm surface current
maximum wind gust,missing_in_envo,wind gust,barium dust,aluminium dust
me v auroral x ray imaging and spectroscopy,missing_in_envo,,,
meridional wind,missing_in_envo,depositional island,drainage wind,medical clinic
mhd wave,missing_in_envo,muddy water,headwater,dead cave
micro wave humidity sounder,missing_in_envo,microwave radiation,microwave stellar radiation,radio wave radiation
micro wave humidity sounder 2,missing_in_envo,microwave radiation,microwave stellar radiation,radio wave radiation
micro wave radiation imager,missing_in_envo,microwave radiation,radio wave radiation,microwave stellar radiation
micro wave temperature sounder,missing_in_envo,microwave radiation,temperature of water,microwave stellar radiation
microwave,missing_in_envo,microbialite,microwave radiation,microfracture
microwave analysis and detection of rain and atmospheric systems,missing_in_envo,concentration of carbon dioxide in an atmosphere,,
microwave atmospheric sounder for cube sat,missing_in_envo,atmospheric aerosol formation,atmospheric observatory system,middle atmospheric level
microwave burst,missing_in_envo,microburst,macroburst,microwave radiation
microwave humidity sounder,missing_in_envo,microwave radiation,microwave stellar radiation,humidity of soil
microwave imager sounder,missing_in_envo,microwave radiation,microwave stellar radiation,mangrove biome soil
microwave imagery,missing_in_envo,microwave radiation,microbial mat,ice age
microwave limb sounder,missing_in_envo,microwave radiation,microwave stellar radiation,mangrove biome soil
microwave radiance,missing_in_envo,microwave radiation,microwave stellar radiation,radio wave radiation
microwave radiometer,missing_in_envo,microwave radiation,microwave stellar radiation,radio wave radiation
microwave scanning radiometer,missing_in_envo,microwave stellar radiation,microwave radiation,montane savanna biome
microwave sounding unit,missing_in_envo,microwave radiation,air conditioning unit,masonry unit
microwave temperature profiler,missing_in_envo,temperature of air,amplitude of temperature of air,temperature of soil
microwave water radiometer,missing_in_envo,microwave stellar radiation,microwave radiation,radio wave stellar radiation
microwaves,missing_in_envo,microbialite,microcosm,microwave radiation
middelgrunden wind turbine cooperative denmark,missing_in_envo,,,
millimeter wave atmospheric sounder,missing_in_envo,middle atmospheric level,atmospheric boundary layer,atmospheric storm
miniaturized radiation monitor,missing_in_envo,infrared radiation,mid infrared radiation,far infrared radiation
moazagotl wind,missing_in_envo,monsoon wind,fall wind,drainage wind
modis atmosphere modis science team climate and radiation branch laboratory for atmospheres earth sciences division science and exploration directorate goddard space flight center nasa,missing_in_envo,,,
moreton wave,missing_in_envo,limestone cave,open eaves,limestone pavement
mountain plain wind,missing_in_envo,mountain gap wind,mountain pass,mountain range
mountain valley wind,missing_in_envo,mountain gap wind,fountain pen ink,mountain range
mountain wave,missing_in_envo,mountain range,mountain pass,mountain
mountain wave cloud,missing_in_envo,mountain range,mountain spur,mountain pass
mountain wind,missing_in_envo,mountain gap wind,mountain,mountain range
multicenter airborne coherent atmospheric profiling wind sensor,missing_in_envo,,,
multichannel microwave radiometric system,missing_in_envo,,,
multifrequency imaging microwave radiometer,missing_in_envo,outgoing longwave radiation,satellite imaging of a planet,
nasa solar dynamics observatory,missing_in_envo,omics observatory system,astronomical observatory system,atmospheric observatory system
net radiation,missing_in_envo,radiation,infrared radiation,irradiation
neutral particle flux,missing_in_envo,neutral spring,natural plastic,neutral occluded front
ngdc aa star magnetic storm catalog,missing_in_envo,electromagnetic radiation,second year ice formation,
ngdc ap star magnetic storm catalog,missing_in_envo,electromagnetic radiation,second year ice formation,
ngdc halpha flare event catalog,missing_in_envo,,,
night wind,missing_in_envo,straight line wind,light switch,drainage wind
nimbus e microwave spectrometer,missing_in_envo,brine rejection from seawater,,
noaa solar radiation network,missing_in_envo,stellar radiation energy,infrared stellar radiation,x ray stellar radiation
non ionising radiation,missing_in_envo,ionizing radiation,irradiation by ionizing radiation,irradiation by non ionizing radiation
north sea wave model,missing_in_envo,coastal sea water,coastal water body,organic waste material
npoess aircraft microwave temperature sounder,missing_in_envo,,,
npoess aircraft sounder testbed microwave radiometer,missing_in_envo,,,
nuclear radiation exposure,missing_in_envo,stellar radiation energy,nuclear reactor,stellar radiation
observations of polar mesospheric clouds pmc aurora from the international space station iss,missing_in_envo,,,
ocean discipline processing system goddard space flight center nasa,missing_in_envo,,,
ocean waves,missing_in_envo,open eaves,ocean basin,ocean planet
ocean winds,missing_in_envo,foehn wind,ocean basin,oceanic island
office of air quality planning and standards office of air and radiation u s environmental protection agency,missing_in_envo,,,
office of radiation programs u s environmental protection agency,missing_in_envo,concentration of nitrogen atom in environmental material,concentration of carbon atom in environmental material,amount of nitrogen atom in environmental material
offshore wind,missing_in_envo,monsoon wind,shoreline,atmospheric wind
onshore wind,missing_in_envo,monsoon wind,shoreline,atmospheric wind
orographic winds,missing_in_envo,geographic basin,geographic sill,atmospheric wind
outer radiation belt,missing_in_envo,stellar radiation,acoustic radiation,stellar radiation energy
ozone and atmospheric quality processing team atmospheric chemistry and dynamics branch laboratory for atmospheres earth sciences division science and exploration directorate goddard space flight center nasa,missing_in_envo,,,
ozone layer and uv radiation in a changing climate evaluated during ipy,missing_in_envo,,,
p wave,missing_in_envo,tap water,pond water,open eaves
particle composition,missing_in_envo,particle radiation,particle of silt,particle beam radiation
particle density,missing_in_envo,particle of silt,political entity,particle
particle distribution functions,missing_in_envo,particle radiation,particle beam radiation,particulate matter formation process
particle dynamics and pelagic benthic coupling in potter cove,missing_in_envo,,,
particle flux,missing_in_envo,particle,particle of silt,particle of clay
particle flux unit,missing_in_envo,particle of snow,particle of silt,particle of sand
particle speed,missing_in_envo,particle of sand,particle,particle of snow
particle temperature,missing_in_envo,oceanic temperate,particle beam radiation,obsolete air temperature
passive microwave esip,missing_in_envo,plastic frozen soil,microwave radiation,live cave
photon wave,missing_in_envo,pond water,solutional cave,outflow cave
pilot radiation observation experiment,missing_in_envo,high level radioactive sediment,radioactive sediment,irrigation reservoir
planetary geodynamics laboratory solar systems exploration division goddard space flight center nasa,missing_in_envo,,,
planetary magnetosphere,missing_in_envo,planetary atmosphere,planetary cryosphere,intrinsic magnetosphere
planetary rossby waves,missing_in_envo,planetary surface,planetary erosion,planetary cryosphere
plasma electron and current experiment,missing_in_envo,coastal buoyancy current front,eastern boundary current,boundary current front
plasma frequency,missing_in_envo,plastic fragment,plasma,plant feed
plasma wave,missing_in_envo,plasma,sea cave,primary cave
plasma waves,missing_in_envo,plasma,sea cave,primary cave
plasma waves investigation geotail,missing_in_envo,water infiltration into soil,gas power station,sea water environment
plasma waves investigation polar,missing_in_envo,vegetation layer,gas power station,water ice sublimation process
plow wind,missing_in_envo,fall wind,foehn wind,pond
polar wind geotail project,missing_in_envo,obsolete winged bean product,polar tree line ecotone,obsolete caprine dairy product
polar wind geotail project geospace physics lab laboratory for solar and space physics heliophysics science division science and exploration directorate goddard space flight center nasa,missing_in_envo,,,
post flare loops,missing_in_envo,forest floor,coastal flood,polar front
prabhakara scanning multichannel microwave radiometer,missing_in_envo,,,
precision radiation thermometers,missing_in_envo,precipitation of sleet,seasonal marine thermocline,ultrasound radiation
primary cosmic rays,missing_in_envo,primary cave,primary forest,primary atmosphere
processing of emissions by clouds and radiation v,missing_in_envo,irradiation by ionizing radiation,irradiation by non ionizing radiation,
proton event,missing_in_envo,protoplanet,impact event,iron sheet
proton flare,missing_in_envo,protoplanet,potato silage,hydrocarbon flame
proton flux,missing_in_envo,formation fluid,protoplanet,percolation
quasi biennial oscillation qbo zonal wind index,missing_in_envo,,,
radar aurora,missing_in_envo,dairy farm,water vapour,strand crack
radar ocean wave spectrometer,missing_in_envo,radioactive sediment,ocean surface stress,karman vortex street
radiation belt,missing_in_envo,radiation,aviation fuel,irradiation
radiation belts,missing_in_envo,radiation,aviation fuel,irradiation
radiation budget instrument,missing_in_envo,medical instrument,radioactive sediment,radiation shielding disposition
radiation damage,missing_in_envo,irrigation dam,radiation,irradiation
radiation dose,missing_in_envo,radiation,irradiation,aviation fuel
radiation dosimeter ssj,missing_in_envo,radioactive sediment,irrigation ditch,radiation
radiation effect,missing_in_envo,radiation,irradiation,aviation fuel
radiation exposure,missing_in_envo,radiation,irradiation,aviation fuel
radiation fog,missing_in_envo,radiation,irradiation,aviation fuel
radiation measurement system,missing_in_envo,environmental system,disturbed ecosystem,insequent stream
radiation monitoring,missing_in_envo,pollution monitoring,environmental monitoring,radioactive spring
radiation physics,missing_in_envo,radiation,irradiation,biodegradation of plastic
radiation protection,missing_in_envo,gravitational motion,radiation shielding disposition,radiation
radiation protection law,missing_in_envo,gravitational motion,radiation shielding disposition,inundation disposition
radiation sickness,missing_in_envo,radiation,desalination process,vibration process
radiation thermocouple actinometer,missing_in_envo,marine thermocline,thermoplastic material,glaciation of water droplets in a cloud
radio and plasma wave investigation,missing_in_envo,radio wave radiation,radio wave stellar radiation,ocean time series station
radio burst,missing_in_envo,downburst,microburst,macroburst
radio bursts,missing_in_envo,downburst,microburst,macroburst
radio continuum emission,missing_in_envo,carbon dioxide emission,platinum mine,ocean time series station
radio emission,missing_in_envo,carbon dioxide emission,radio wave radiation,adhesion
radio frequency,missing_in_envo,radio device,adfreezing,radiant energy
radio wave,missing_in_envo,radio device,vadose cave,radio wave radiation
radio wave flux,missing_in_envo,radio wave radiation,radio device,radioactive material
rayleigh wave,missing_in_envo,brackish water,fresh water,spring water
reconnection,missing_in_envo,ecoregion,construction,reforestation
reflected infrared,missing_in_envo,protected area,forested area,elevated landform
rhessi hard xray flare catalog,missing_in_envo,,,
rm young model 05103 wind monitor,missing_in_envo,,,
rossby planetary waves,missing_in_envo,protoplanetary disk,planetary mantle,solid planetary core
rossby wave,missing_in_envo,frost heave,karst cave,erosional cave
s wave,missing_in_envo,swale,sea cave,sewage
scanning microwave imager sounder,missing_in_envo,microwave radiation,mangrove biome soil,microwave stellar radiation
scanning microwave spectrometer,missing_in_envo,calving of ice from an iceberg,saline lake sediment,marine cold water sphere
scanning multichannel microwave radiometer,missing_in_envo,oceanic sea surface microlayer biome,neritic sea surface microlayer biome,self heating coal mine waste material
science atmospheric radiation measurement program u s department of energy,missing_in_envo,,,
sea wave,missing_in_envo,sea cave,sea water,sewage
sea winds scatterometer,missing_in_envo,sea water environment,sea water,wind storm
secondary cosmic rays,missing_in_envo,secondary cold front,secondary atmosphere,second year ice
seismic body wave,missing_in_envo,solid astronomical body part,seismic vibration process,astronomical body part
seismic body waves,missing_in_envo,seismic vibration process,solid astronomical body part,astronomical body part
seismic surface wave,missing_in_envo,sea surface layer,ice surface layer,seam surface
seismic surface waves,missing_in_envo,sea surface layer,ice surface layer,soil surface layer
seismic wave,missing_in_envo,sea cave,ice cave,stream water
sentinel 3 microwave radiometer,missing_in_envo,microwave radiation,obsolete mangrove biome,obsolete microbial rennet
shallow water wave,missing_in_envo,snow water equivalent,freshwater lake,saline water
shock,missing_in_envo,stock,mainshock,foreshock
shock wave,missing_in_envo,hypoxic water,oxic water,toxic waste
shocks,missing_in_envo,stock,mainshock,foreshock
short wave,missing_in_envo,shore,shortwave radiation,stormwater
short wave fade,missing_in_envo,shortwave radiation,shore lead,net shortwave radiation
short wavelength infrared radiometer,missing_in_envo,far infrared radiation,shortwave radiation,near infrared radiation
significant wave height,missing_in_envo,stagnant water,sea surface height,mechanical wave energy
smoke clouds and radiation brazil,missing_in_envo,ultrasound radiation,stellar radiation energy,stellar radiation
soho eit wave transient catalog,missing_in_envo,shortwave radiation,net shortwave radiation,oceanic transient tracer
soho pm interplanetary shock catalog,missing_in_envo,outer planetary core,inner planetary core,planetary photic zone
solar active regions,missing_in_envo,administrative region,first order administrative region,second order administrative region
solar activity,missing_in_envo,sports facility,research facility,prison facility
solar atmosphere,missing_in_envo,secondary atmosphere,stratosphere,planetary atmosphere
solar coronal mass ejections,missing_in_envo,solar power station,subpolar coniferous forest biome,stellar radiation
solar dynamics observatory,missing_in_envo,omics observatory system,astronomical observatory system,marine observatory system
solar dynamics observatory project goddard space flight center nasa,missing_in_envo,,,
solar energetic particle,missing_in_envo,mesoplastic particle,nanoplastic particle,microplastic particle
solar energetic particle event,missing_in_envo,mesoplastic particle,nanoplastic particle,microplastic particle
solar energetic particle flux,missing_in_envo,mesoplastic particle,nanoplastic particle,microplastic particle
solar energetic particle properties,missing_in_envo,mesoplastic particle,nanoplastic particle,microplastic particle
solar energetic particles,missing_in_envo,mesoplastic particle,nanoplastic particle,microplastic particle
solar energy production use,missing_in_envo,oil field production water,obsolete beverage product,lumber production process
solar flare,missing_in_envo,solar panel array,shear fracture,solid layer
solar flares,missing_in_envo,solar panel array,shear fracture,solid layer
solar flux,missing_in_envo,obsolete flour,colorant fluid,polar front
solar heating,missing_in_envo,solar rainbow,solar power station,conflagration
solar imagery,missing_in_envo,subpolar biome,solar panel array,polar biome
solar irradiance,missing_in_envo,solar rainbow,stellar radiation,soil drainage
solar maximum,missing_in_envo,solar rainbow,polar mountain,solfatara
solar minimum,missing_in_envo,solar rainbow,polar mountain,coal mining
solar oscillations,missing_in_envo,solar power station,glaciation,stellar radiation
solar prominences solar filaments,missing_in_envo,sarcosine enriched soil,coal mine lake sediment,solar panel array
solar radiation 1,missing_in_envo,stellar radiation,stellar radiation energy,soil degradation
solar radiation 10,missing_in_envo,stellar radiation,stellar radiation energy,soil degradation
solar radiation 7a,missing_in_envo,stellar radiation,stellar radiation energy,soil degradation
solar radiation 7b,missing_in_envo,stellar radiation,stellar radiation energy,soil degradation
solar radiation 8,missing_in_envo,stellar radiation,stellar radiation energy,soil degradation
solar radiation 9,missing_in_envo,stellar radiation,stellar radiation energy,soil degradation
solar radiation and climate experiment,missing_in_envo,stellar radiation energy,acidification of an aquatic environment,radioactive sediment
solar radiation management,missing_in_envo,stellar radiation energy,stellar radiation,shortwave radiation
solar radiation storms,missing_in_envo,stellar radiation,stellar radiation energy,shortwave radiation
solar radiation storms noaa space weather scales,missing_in_envo,concentration of yttrium in water ice,concentration of niobium in water ice,concentration of bromine in water ice
solar radio wave emissions,missing_in_envo,carbon dioxide emission,radio wave radiation,stellar radiation
solar rotation,missing_in_envo,solar power station,polar mountain,stellar radiation
solar spectral flux radiometers,missing_in_envo,visible spectrum radiation,polar desert biome,planetary structural layer
solar surface,missing_in_envo,isobaric surface,seam surface,lake surface
solar synoptic maps,missing_in_envo,volcanic ash,sea ice mass,land ice mass
solar system,missing_in_envo,cave system,climate system,woodland ecosystem
solar ultraviolet emissions,missing_in_envo,ultraviolet radiation,ultraviolet stellar radiation,carbon dioxide emission
solar ultraviolet measurements of emitted radiation,missing_in_envo,,,
solar uv flux,missing_in_envo,lava flow,lava field,obsolete flour
solar variability linkages to atmospheric processes,missing_in_envo,area of high atmospheric pressure,,
solar velocity fields,missing_in_envo,gravel field,sea ice field,lava field
solar wind anisotropies,missing_in_envo,arid subtropical,woodland canopy,polar tree line ecotone
solar wind electron proton and alpha monitor,missing_in_envo,,,
solar wind experiment wind,missing_in_envo,sandy sediment,polar desert biome,agricultural experimental station
solar wind extreme,missing_in_envo,marine streamer,stellar wind,soil texture
solar wind ion composition spectrometer,missing_in_envo,land consumption process,soil compaction process,island formation process
solar wind ion composition spectrometer ulysses,missing_in_envo,snow and ice accumulation process,,
solar wind ion mass spectrometer,missing_in_envo,illegal informal settlement,stony iron meteorite,solid environmental material
solar wind plasma experiment ulysses,missing_in_envo,,,
solar wind shock,missing_in_envo,stellar wind,mainshock,solar rainbow
solar winds,missing_in_envo,stellar wind,glacier wind,solar rainbow
solar x ray cosmic gamma ray burst experiment,missing_in_envo,,,
solar x ray emissions,missing_in_envo,carbon dioxide emission,solar rainbow,stellar radiation
space interplanetary,missing_in_envo,inner planetary core,outer planetary core,ice planet
space radiation environment monitor,missing_in_envo,food production environmental monitoring zone,environmental monitoring,face skin environment
space transport system sts 11,missing_in_envo,constructed transport system,public transit system,rapid transit system
space transport system sts 2,missing_in_envo,constructed transport system,public transit system,rapid transit system
space transport system sts 34,missing_in_envo,constructed transport system,public transit system,rapid transit system
space transport system sts 39,missing_in_envo,constructed transport system,public transit system,rapid transit system
space transport system sts 41,missing_in_envo,constructed transport system,public transit system,rapid transit system
space transport system sts 41g,missing_in_envo,constructed transport system,public transit system,rapid transit system
space transport system sts 43,missing_in_envo,constructed transport system,public transit system,rapid transit system
space transport system sts 45,missing_in_envo,constructed transport system,public transit system,rapid transit system
space transport system sts 51b,missing_in_envo,constructed transport system,public transit system,rapid transit system
space transport system sts 51f,missing_in_envo,constructed transport system,public transit system,rapid transit system
space transport system sts 55,missing_in_envo,constructed transport system,public transit system,rapid transit system
space transport system sts 56,missing_in_envo,constructed transport system,public transit system,rapid transit system
space transport system sts 59,missing_in_envo,constructed transport system,public transit system,rapid transit system
space transport system sts 62,missing_in_envo,constructed transport system,public transit system,rapid transit system
space transport system sts 64,missing_in_envo,constructed transport system,public transit system,rapid transit system
space transport system sts 66,missing_in_envo,constructed transport system,public transit system,rapid transit system
space transport system sts 68,missing_in_envo,constructed transport system,public transit system,rapid transit system
space transport system sts 7,missing_in_envo,constructed transport system,public transit system,rapid transit system
space transport system sts 72,missing_in_envo,constructed transport system,public transit system,rapid transit system
space transport system sts 9,missing_in_envo,constructed transport system,public transit system,rapid transit system
space transport system sts 99,missing_in_envo,constructed transport system,public transit system,rapid transit system
space transportation,missing_in_envo,transportation,space station,transpiration
space weather event,missing_in_envo,space weather,sea water environment,saline water environment
special sensor microwave imager,missing_in_envo,site of special scientific interest,erosionally enriched ice,sea surface layer
special sensor microwave imager sounder,missing_in_envo,oceanic sea surface microlayer biome,neritic sea surface microlayer biome,
special sensor microwave temperature,missing_in_envo,site of special scientific interest,perennial snow patch,obsolete animal derived beverage
special sensor microwave temperature profiler,missing_in_envo,amplitude of temperature of air,secondary microplastic particle,
standing wave,missing_in_envo,stagnant water,estuarine water,strand swamp
stellar dynamics,missing_in_envo,stellar wind,stellar radiation,beaver dam
stereo hi solar wind catalog,missing_in_envo,stellar wind,obsolete high osmolarity habitat,water holding capacity
stereo waves,missing_in_envo,sterile water,waste water,sea cave
storm relative winds,missing_in_envo,straight line wind,stellar wind,treated wood
sub atomic particle flux,missing_in_envo,diatomite particle,mesoplastic particle,nanoplastic particle
sub auroral region,missing_in_envo,subtropical biome,terrestrial ecoregion,sugar refinery
sulfates clouds and radiation america,missing_in_envo,ultrasound radiation,stellar radiation energy,particle beam radiation
sun earth interactions,missing_in_envo,second year ice formation,sugar plantation,research station
sun spots,missing_in_envo,ground transport,snow mass,plant pot
sunspot,missing_in_envo,landspout,spit,soot
sunspot activity,missing_in_envo,sports facility,winter sports facility,prison facility
sunspot cycle,missing_in_envo,motorcycle,snow crystal,slush ice
sunspots,missing_in_envo,landspout,subpolar,spit
super dual auroral network,missing_in_envo,pipeline network,medial moraine,marine supra littoral zone
surface radiation budget,missing_in_envo,shortwave radiation,ultraviolet radiation,particle radiation
surface radiation budget network,missing_in_envo,stellar radiation energy,surface convergence,shortwave radiation
surface radiation research branch air resources laboratory oar noaa u s department of commerce,missing_in_envo,,,
surface wave,missing_in_envo,surface water,surface layer,surface hoar
surface waves investigation and monitoring instrument,missing_in_envo,,,
surface winds,missing_in_envo,surface soil,surface water,surface landform
termination shock,missing_in_envo,mainshock,fermentation pit,fermentation starter
terrestrial radiation,missing_in_envo,terrestrial mining,terrestrial ecoregion,terrestrial biome
the h2o antarctica microwave stratospheric and tropospheric radiometers hamstrad program,missing_in_envo,,,
the scanner for radiation budget,missing_in_envo,near infrared radiation,stellar radiation energy,stellar radiation
the submillimeter wave astronomy satellite,missing_in_envo,,,
the u s max 91 program of flare research campaigns,missing_in_envo,,,
thermal infrared,missing_in_envo,thermocline,thermal energy,isothermal surface
thermal wind,missing_in_envo,thermocline,thermal energy,thermal pollution
thermosphere ionosphere mesosphere energetics and dynamics,missing_in_envo,,,
topex microwave radiometer,missing_in_envo,microwave radiation,microwave stellar radiation,tropical grassland biome
topographic wave,missing_in_envo,topographic upwelling front,geographic feature,eutrophic water
topographic waves,missing_in_envo,geographic basin,topographic upwelling front,geographic feature
total electron content,missing_in_envo,tropical environment,tectonic movement,holothurian digestive tract contents
total solar irradiance,missing_in_envo,stellar radiation,ultraviolet stellar radiation,x ray stellar radiation
trade wind,missing_in_envo,drainage wind,train,straight line wind
transverse wave,missing_in_envo,transvasement,river water,sterile water
trmm microwave imager,missing_in_envo,microwave radiation,water ice layer,microbial mat
tropical cyclone force wind extent,missing_in_envo,tropical coniferous forest biome,tropical thorn forest,subtropical coniferous forest biome
tropical instability wave experiment,missing_in_envo,anatomical entity environment,tropical marginal sea biome,tropical environment
tropical rainfall measuring mission mesoscale atmospheric processes laboratory for atmospheres earth sciences division science and exploration directorate goddard space flight center nasa,missing_in_envo,,,
tropical storm force wind extent,missing_in_envo,tropical thorn forest,tropical mixed forest biome,tropical storm
tropics microwave spectrometer,missing_in_envo,tropical moist broadleaf forest biome,tropical marginal sea biome,tropical broadleaf forest biome
tropospheric wind earth radio location experiment,missing_in_envo,atmospheric aerosolised particle formation event,atmospheric secondary aerosol formation process,aerosolised particle formation event
two ribbon flare,missing_in_envo,ribbon lake,hydrocarbon flame,wind farm
u v wind components,missing_in_envo,cinder cone,conveyor belt component,land consumption process
ultra high energy cosmic radiation,missing_in_envo,electromagnetic radiation,ultraviolet radiation,acoustic radiation
ultraviolet,missing_in_envo,ultraviolet radiation,ultisol,strait
ultraviolet flux,missing_in_envo,ultraviolet radiation,ultraviolet stellar radiation,toilet fixture
ultraviolet radiance,missing_in_envo,ultraviolet radiation,ultraviolet stellar radiation,ultrasound radiation
ultraviolet wavelengths,missing_in_envo,ultraviolet radiation,ultraviolet stellar radiation,electromagnetic wave energy
ulysses grb xray flare catalog,missing_in_envo,,,
unified radio and plasma wave experiment ulysses,missing_in_envo,,,
upper level winds,missing_in_envo,squall wind,jet effect wind,upper air
upslope wind,missing_in_envo,slope flow,foehn wind,planetary wind
upwelling longwave radiation,missing_in_envo,outgoing longwave radiation,microwave radiation,radio wave radiation
usda uv b radiation monitoring program,missing_in_envo,environmental monitoring program area,pollution monitoring,environmental monitoring area
usgs desert winds geological meteorological ground station,missing_in_envo,,,
valley wind,missing_in_envo,fall wind,squall wind,valley
van allen radiation belts,missing_in_envo,particle radiation,far infrared radiation,gamma ray radiation
variability of solar irradiance and gravity oscillations,missing_in_envo,,,
veering wind,missing_in_envo,drainage wind,freezing rain,foehn wind
velocity azimuth display vertical wind profiles,missing_in_envo,,,
vertical wind motion,missing_in_envo,atmospheric wind direction,gravitational motion,material pooling disposition
vertical wind shear,missing_in_envo,atmospheric wind speed,obsolete vertically mixed estuary,electrical switch
vertical wind velocity speed,missing_in_envo,atmospheric wind speed,atmospheric wind intensity,material warming process
wave,missing_in_envo,cave,swale,eaves
wave breaking,missing_in_envo,water based rain,paved parking lot,water raindrop
wave cut notch platforms,missing_in_envo,wave cut platform,waste treatment plant,tectonic plate
wave diffraction,missing_in_envo,water infiltration,shortwave radiation,microwave radiation
wave direction,missing_in_envo,shortwave radiation,microwave radiation,radio wave radiation
wave displ max ampl,missing_in_envo,waste disposal process,,
wave displ min ampl,missing_in_envo,waste disposal process,water based rainfall,private swimming pool
wave displ unit,missing_in_envo,sewage plant,water droplet,waterspout
wave energy production use,missing_in_envo,algal production,wave energy,lumber production process
wave erosion,missing_in_envo,erosion,planetary erosion,soil erosion
wave fetch,missing_in_envo,cave entrance,wave energy,water truck
wave form,missing_in_envo,cave floor,aeroform,wave cut platform
wave frequency,missing_in_envo,wave energy,water truck,sake brewery
wave height,missing_in_envo,wave energy,sea surface height,weathering
wave length,missing_in_envo,wave energy,sewage plant,wind wave energy
wave overtopping,missing_in_envo,wave energy,water cooling,weathering
wave period,missing_in_envo,wave energy,beaver pond,water body
wave phenomena,missing_in_envo,wave energy,safe environment,sea water environment
wave process,missing_in_envo,water flow process,land use process,drainage process
wave propagation,missing_in_envo,shortwave radiation,microwave radiation,radio wave radiation
wave quantity,missing_in_envo,wave energy,sewage plant,water current
wave refraction,missing_in_envo,water infiltration,shortwave radiation,microwave radiation
wave runup,missing_in_envo,water raindrop,wave energy,water truck
wave setup,missing_in_envo,water tap,warm seep,water scum
wave shoaling,missing_in_envo,water cooling,wave energy,water pollution
wave spectra,missing_in_envo,cave entrance,wave energy,water based rain
wave speed,missing_in_envo,wave energy,watershed,warm seep
wave speed direction,missing_in_envo,atmospheric wind direction,microwave stellar radiation,radio wave stellar radiation
wave state,missing_in_envo,sea state,waste water,cave system
wave type,missing_in_envo,water tap,wave energy,water table
wave types,missing_in_envo,water tap,wave energy,water table
waves,missing_in_envo,eaves,cave,swale
waves of high frequency and sounder for probing electron density by relaxation,missing_in_envo,,,
white light flare,missing_in_envo,winter blizzard,lightning flash,water intake
wind and temperature spectrometer,missing_in_envo,high temperature environment,temperature of water,temperate environment
wind chill,missing_in_envo,town hall,hill,oil mill
wind chill index,missing_in_envo,fluid cline,hillside,marine cline
wind direction,missing_in_envo,atmospheric wind direction,infrared radiation,ingestion
wind direction profiles,missing_in_envo,island formation process,ground deformation process,snow and ice accumulation process
wind direction tendency,missing_in_envo,ionization energy,atmospheric wind direction,wind wave energy
wind driven circulation,missing_in_envo,mass wasting driven seismic vibration,explosion driven seismic vibration,impact driven seismic vibration
wind dynamics,missing_in_envo,wing dam,wind farm,hydrodynamic escape
wind energy production use,missing_in_envo,hydrogen production process,lumber production process,hygienic food production area
wind erosion,missing_in_envo,soil erosion,erosion,intrusion
wind imaging interferometer,missing_in_envo,ice bearing permafrost,saline water environment,drinking water reservoir
wind indices,missing_in_envo,pain clinic,wind gust,land ice mass
wind mfi bow shock crossing time catalog,missing_in_envo,,,
wind mfi interplanetary shock catalog,missing_in_envo,inner planetary core,planetary photic zone,
wind mfi magnetic cloud catalog,missing_in_envo,tundra climatic condition,,
wind monitor,missing_in_envo,wind storm,pollution monitoring,motor
wind power,missing_in_envo,window,wind storm,wind farm
wind profilers,missing_in_envo,thawing process,biofilter,indoor toilet
wind profiles,missing_in_envo,thawing process,indoor toilet,wildfire
wind sat,missing_in_envo,wind gust,wind storm,wind farm
wind scatterometer,missing_in_envo,wind storm,wind farm,lithometeor
wind shear,missing_in_envo,wind farm,wind storm,inland sea
wind soho radio burst2cme catalog,missing_in_envo,,,
wind solar wind crossing time catalog,missing_in_envo,,,
wind speed tendency,missing_in_envo,wind wave energy,wind gust,sound wave energy
wind stereo radio burst catalog,missing_in_envo,infrared stellar radiation,ionizing stellar radiation,stellar radiation
wind storms,missing_in_envo,wind storm,wind gust,wind farm
wind stress,missing_in_envo,wind storm,wind gust,thawing process
wind vanes,missing_in_envo,wind gust,wind farm,wind wave energy
wind velocity speed,missing_in_envo,induced magnetosphere,building envelope,
wind velocity speed profiles,missing_in_envo,biodiversity conservation process,advective transport process,ice loss process
wind waves,missing_in_envo,wind wave energy,wind gust,wind farm
world wind learning technologies ames research center nasa,missing_in_envo,,,
x ray background,missing_in_envo,playground,x ray radiation,fairground
x ray burst,missing_in_envo,dry microburst,dry macroburst,x ray radiation
x ray bursts,missing_in_envo,dry microburst,dry macroburst,x ray radiation
x ray class field,missing_in_envo,gravel field,rice field,lava field
x ray flare,missing_in_envo,dry lake,rural area,grass fire
x ray flare class,missing_in_envo,flat glass,x ray stellar radiation,day care facility
x ray flare termination,missing_in_envo,x ray stellar radiation,x ray radiation,gamma ray stellar radiation
x ray flux,missing_in_envo,brake fluid,crustal fluid,colorant fluid
x rays,missing_in_envo,tray,rapids,
yellow wind,missing_in_envo,fall wind,stellar wind,squall wind
yohkoh hard xray flare catalog,missing_in_envo,,,
